B000FA5M6M,The Master Swing Trader: Tools and Techniques to Profit from Outstanding Short-Term Trading Opportunities,Alan S. Farley
B000FA5QBS,Irish Stew!: A Nuala Anne McGrail Novel (Nuala Anne McGrail Novels Book 7),Andrew M. Greeley
B000FA64PA,Saboteur: Star Wars Legends (Darth Maul) (Short Story) (Star Wars: Darth Maul Book 1),James Luceno
B000FBF8AG,PUSSY IN BOOTS: She Liked It Kinky,Helen Henley
B000FBFCCA,"Deng Xiaoping and the Chinese Revolution: A Political Biography (Routledge in Asia)1st Edition,",David S.G. Goodman
B000FBFMMU,A Game of Thrones/A Clash of Kings (A Song of Ice and Fire Book 1),George R.R. Martin
B000FBJ0AK,To Jorslem,Robert Silverberg
B000FC0P76,Ghost of a Chance (The Hardy Boys Book 169),Franklin W. Dixon
B000FC0S2S,"My Enemy, My Ally: Rihannsu #1 (Star Trek: The Original Series Book 18)",Diane Duane
B000FC1DAE,Songs of Innocence and of Experience,William Blake
B000FC1E44,The Prime Minister [with Biographical Introduction],Anthony Trollope
B000FC1N0Y,The Man from Skibbereen: A Novel,Louis L'Amour
B000FC1T1M,Mistress: The Awakening of a Soul,Lady Blade
B000FC1YIK,Familiar Studies Of Men And Books,Robert Louis Stevenson
B000FC20QK,Njal's Saga (The Story of Burnt Njal) (Digireads),"Anonymous, "
B000FC21YQ,Stalky and Co.,Rudyard Kipling
B000FC245C,The Ivory Child [with Biographical Introduction],H. R. Haggard
B000FC2LAK,When the Night Comes: A New Joe Cullen Mystery,Jerry Oster
B000FC2ODE,Star Trek: Voyager: Spirit Walk #2: Enemy of My Enemy,Christie Golden
B000FCKDBO,Taking Pains [After the Change 1],W. G. AMES
B000FCKDJQ,Life Interrupted: The Unfinished Monologue,Spalding Gray
B000FCKIAK,Stealing the Bride (The Danvers Book 2),Elizabeth Boyle
B000FCKKSU,The Strange Adventures of Rangergirl: A Novel,Tim Pratt
B000FCKRPG,Do I Look Fat in This?: Life Doesn't Begin Five Pounds from Now,Jessica Weiner
B000GCFBXI,Deadly Housewives,Christine Matthews
B000JMKT78,The Leper's Return: A Knights Templar Mystery,Michael Jecks
B000JMKZEA,Phrases for Public Speakers and Paragraphs for Study,N/A
B000JML1NY,"Pantheism, Its Story and Significance Religions Ancient and Modern",J. Allanson Picton
B000JML20Q,"The Parables of the SaviourThe Good Child's Library, Tenth Book",N/A
B000JMLC6K,Philippine Folk Tales,N/A
B000JMLE1I,Profiles from China,Eunice Tietjens
B000JMLGYS,The Eros,Coventry Kersey Dighton Patmore
B000JMLLES,Two Dyaloges (c. 1549),"Desiderius Erasmus	"
B000JQTWI6,The Lives of the Most Famous English Poets (1687),William Winstanley
B000JQUF6O,Autobiography,"Johann Wolfgang von Goethe	"
B000JQUPPU,Seven Who Were Hanged,Leonid Nikolayevich Andreyev
B000JQUXL6,"Plays by Anton Chekhov, Second Series",Anton Pavlovich Chekhov
B000JQUXUC,Our Old Home A Series of English Sketches,Nathaniel Hawthorne
B000JQUZJ6,Black Rebellion Five Slave Revolts,Thomas Wentworth Higginson
B000JQUZY6,The Poems and Prose of Ernest Dowson With a memoir by Arthur Symons,Ernest Christopher Dowson
B000JQV11C,"The Doré Gallery of Bible Illustrations, Volume 2",N/A
B000MAHACY,Montana Mavericks Books 1-4: An Anthology,"Diana Palmer, "
B000MAHBBY,The Wealthy Man's Waitress,"Maggie Cox	"
B000MGAU48,No Way Home,Patricia MacDonald
B000N8V3FA,Ellery Queen's Mystery Magazine,Dell Magazines
B000N8V3FU,Fortune,Meredith Corporation
B000NJL7VO,Bedded By Blackmail Bundle: An Anthology,Melanie Milburne 
B000NY1228,Star Trek: The Original Series: Errand of Fury #2: Demands of Honor (Star Trek: The Next Generation),"Kevin Ryan	"
B000OI0EB8,Four to Midnight: A Novel,Scott Flander
B000OI0P08,"Surveillance as Social Sorting: Privacy, Risk and Automated Discrimination1st Edition,",David Lyon(Editor)
B000OI11HE,Family Secrets Books 5-8: An Anthology (Family Secrets (Silhouette)),Virginia Kantra
B000OI15PM,"Jehovah's Witnesses: Portrait of a Contemporary Religious Movement1st Edition,",Andrew Holden
B000OT7UY6,"On Humanism (Thinking in Action)1st Edition,",Robert Norman
B000OT7X7U,"Ethics and Sex1st Edition,",Igor Primoratz
B000OT8G58,Heather Graham Bundle: The Island\Ghost Walk\Killing Kelly\The Vision,Heather Graham
B000Q9IR0A,"Execution: The Discipline of Getting Things Done1st Edition,","Larry Bossidy	"
B000R93DOE,Miss Independent,Elisa Adams
B000RH0D9Y,Always a Bridesmaid (Logan's Legacy Revisited Book 1832),Kristin Hardy
B000SK80TU,"Visual Literacy1st Edition,","James Elkins	"
B000TVXGJ2,Holocaust Testimonies : European Survivors and American Liberators in New Jersey,"Joseph J. Preil(Editor), "
B000VDM608,"The Evolution of the Soul2nd Edition,","Richard Swinburne	"
B000XZKZKM,Branded (Leather & Lace),Beth Williamson
B000Y2I72M,One Eye Open,Karen Whiddon
B001047I28,THE ALADDIN NETWORK,Fredric L. Kleinberg
B00110J590,The Second Misadventure of Fragger Sparks: A Ranger Loses His Way,Steven Fisher
B0011TOQ0O,Liberty Comics #01Kindle & comiXology,"Dennis Mallonee, "
B0011YMUQ6,How to Shake the Online Poker Money Tree: Unstoppable Online Poker Strategy for the 21st Century,Drew Kasch
B00123373Q,A YOUTH SPENT IN THE 50'S,CLYDE STEWART
B00124WXZ8,The Materialist (Flash Fiction Online Book 1),Eric Garcia
B0012A0WCI,ANNIKA AT WILDERNESS HOTEL,Elaine E. Deyo
B0012BTXPE,How to Study Smarter Not Harder: Developing Better Study Skills at School & Home (Study Guides & Study Books Book 1),"Dr. Charlotte Garman, "
B0012QRFWW,A Jealous God (The Richmond Saga Book 1),"Charles Yates, "
B00130T188,How to Cook a Peacock: Le Viandier Medieval Recipes,"Taillevent, "
B0013ENEXW,As A Man Thinketh: Three Perspectives,James Allen
B0013O98I2,"A Merciful End: The Euthanasia Movement in Modern America1st Edition,",Ian Dowbiggin
B0014937TC,The Poetic Edda [Illustrated],"Snorri Sturluson, "
B00149TJYY,365 Great Affirmations,Keith Johnson
B001528LNA,Seeking Sarah (Merryvale Adventures Book 2),Steven Fisher
B0015ZFUD6,"Pass Your Bar Examination, The Practical & Effective Gameplan to Pass the Bar Examination on Your Very First Attempt!",Gary L. Brown
B00161OYEU,"Henry VI, Part 1 (The First Part of King Henry the Sixth)",William Shakepeare
B00164UXNS,Asperger's From the Inside Out: A Supportive and Practical Guide for Anyone with Asperger's Syndrome,"Michael John Carley	"
B00164WE30,Hot For It,Jodi Lynn Copeland
B00164XEYS,The Dogcatcher,Michael Yowell
B00166G1UK,Ride Against the Wind,Terrell L. Bowers
B0016D38PY,Tarzan The First Five Books (Five complete novels in one volume!),Edgar Rice Burroughs
B0016KKZI0,Acme And Ecstasy: An Office Femdom Novel,Joe Brewster
B00176GPTQ,Henry VIII And His Court [Illustrated],Louise Muhlbach
B0017ID27W,Complete Northwestern Magazine - Mystery of Ghost Lake,James Rourke
B0017KCULO,The Rules of Etiquette - Short Rules and Reflections for Conduct in Society,A Gentleman - Philadelphia
B0017R6Q4O,"Sociology of Law: Visions of a Scholarly Tradition1st Edition,",Mathieu Deflem
B0017V7A2C,Managing NASA in the Apollo Era,"Arnold S. Levine, "
B0017VOGUQ,the dominant hand: The unauthorized story of Jim Jacobs and the cult that saved the world,"Will Weinke, "
B001807V0S,Genes and Disease - Chromosome Map,"NIH, "
B001840QBK,Rainhut,Robert Adamson
B0018GU3WU,Pearsons - The Drive,Clarence E. Mulford
B0018Y77HG,"A Gentle Path: A Guide to Peace, Passion & Power: Second Edition","Tina Thomas, Ph.D."
B0018ZQ27Q,Justification and the Holy Spirit,"David K. Bernard	"
B00192WKWE,All That Is: A Naturalistic Faith for the Twenty-First Century (Theology and the Sciences): A Naturalistic Faith for the Twenty First Century (Theology & the Sciences),Arthur Peacocke
B0019BHZ5M,A Light in the Heart of Darkness (The Guardian Heart Crystal Book 4),Amy Blankenship
B0019IRKO6,Annoying Realities of Everyday Life,Stacey Lyn
B001A29ALM,"Inventing Vietnam: The United States and State Building, 1954â€“19681st Edition,",James M. Carter
B001A3F4LQ,Catamarans: The Complete Guide for Cruising Sailors,Gregor Tarjan
B001A3JPJ8,Being Borzoi: tales of adventures,"45 Borzoi owners from around the globe, "
B001A868ES,THE MURRAY LEINSTER OMNIBUS: The Wailing Asteroid; Operation Outer Space; Space Tug,Murray Leinster
B001A8DR92,Cartas de un Angel (Español) (Spanish Edition),Oscar Castagna
B001AI45ZW,DAILY LIGHT ON THE DAILY PATH,Ken Joy
B001AJLSSI,Marketing Your Kindle Book: Simple Steps to Market Your Kindle Book with Advice and Help for Self-Publishers of All Ages,Laura De La Cruz
B001AL661U,July and August: A Novel,Nancy Clark
B001AP35G0,"Reconstructing Macroeconomics: A Perspective from Statistical Physics and Combinatorial Stochastic Processes (Japan-US Center UFJ Bank Monographs on International Financial Markets)1st Edition,",Masanao Aoki
B001AQ5L7U,"The Business of Empire: The East India Company and Imperial Britain, 1756â€“1833",H. V. Bowen
B001AQYRLG,"Honoring God and the City: Music at the Venetian Confraternities 1260-1806: Music at the Venetian Confraternities, 1260-18061st Edition,",Jonathan Glixon
B001BNOZRE,Money for Life! How to thrive in good times and bad... (The Money for Life Books Book 1),"Reeves MA, Jeffrey, "
B001BQ3B8K,"Marihuana and Medicine1999 Edition,","Gabriel G. Nahas(Editor), "
B001BRD238,Secrets: a PsyCop Novel,"Jordan Castillo Price	"
B001BTFXL0,Wars of Light (Millennial Glory Book 2),Wendie L. Edwards
B001BXWNFA,Range War in Whiskey Hill,Charles G. West
B001CDB2Z6,Beyond Tolerance: How People Across America Are Building Bridges Between Faiths (The Documents of 20th-century art),Gustav Niebuhr
B001CEOUOK,"Commencement Speech To His Nephew's Graduating Class: May 30, 2008, Nice France",Mitch Albom
B001CFXGB2,"Still WatersFirst Last Rose Of Summer Edition Edition,",Jo Barrett
B001CN47NA,The Mister Trophy (The Markhat Files Book 1),Frank Tuttle
B001CSEJY2,"Drunk Driving Laws: Rules of the Road When Crossing State Lines, 2nd Ed.","Dennis A. Bjorklund	"
B001CZT4WW,"Works of J. M. Barrie. (20+ Works) Includes Peter Pan in Kensington Gardens, The Little Minister, What Every Woman Knows and more (mobi)",J. M. Barrie
B001D0AJ9S,Dry Days in Yellow Gulch: A Cthulhu Mythos Western,John Gregory Betancourt
B001D1YCP4,"Men in Black Dresses: A Quest for the Future Among Wisdom-Makers of the Middle EastOriginal ed. Edition,",Yvonne L. Seng
B001D49M60,Bought For Her Baby Bundle: An Anthology,Melanie Milburne
B001D9DLXA,The Unwilling Warlord: A Legend of Ethshar (The Legends of Ethshar Book 3),Lawrence Watt-Evans
B001DX54XG,Every Beat of Her Heart,Maggie Casper
B001E2M85I,"Dolphins, Love & Destiny, Yoga of the Soul",Ilona Selke
B001E37S7A,"Chinese without a Teacher, Being a Collection of Easy and Useful Sentences in the Mandarin Dialect, with a Vocabulary","Herbert Allen Giles	"
B001E5E93O,The Complete Guide to Becoming a Successful Mortgage Broker: Insider Secrets You Need to Know,Patricia Hughes
B001EJNPSU,A Good Villain,Maria Aragon
B001EP8O76,A Firefighter in the Family,"Trish Milburn	"
B001EWETKK,Shiprock,William Michael Campbell
B001FB5THM,Three Missions: A Richard Hannay Collection (Richard Hannay: Secret Agent),John Buchan
B001G0ML3C,Sleep Now Relazzz,Lama Kenton
B001GPORH0,Vatican Abdicator (Vatican Assassin Trilogy Book 3),Mike Luoma
B001GXP7OO,Wind of Promise (Wind series Book 3),Dorothy Garlock
B001HBH1AS,Memorable Quotations: Journalists of the Past,Carol A. Dingle
B001HLM86U,"How to Do Everything: Ubuntu: Ubuntu Linux1st Edition,",Jeffrey T. Orloff
B001IKKN8K,101 Reasons You Should Fire Your Employer & Start Your Own Business: A Serious Message Stuffed in a Funny Envelope (Fire Your Employer Book Series 1),Erfan Hettini
B001J00MWG,"Caught, and Spanked (Stories of J.G. Knox)",jerry knox
B001J1S7UY,Reckless (Indecent Proposals),Tori Carrington
B001JJBE4W,Memorable Quotations: American Philosophers of the Past,Carol A. Dingle
B001JJBJJ2,Come and See: David and the Psalms (Come and See Catholic Bible Study),"Manhardt Ph.D., Laurie Watson, "
B001KBZ396,The Book of Psalms: The Sacred Poems of Ancient Israel in Modern English,"Ken Arnold(Author, Introduction)"
B001KU6OCW,A Taste of BitterSweet Fruit,Kharisma
B001KW00PM,Golf and the Art of War: How the Timeless Strategies of Sun-Tzu Can Transform Your Game,Don Wade
B001KYEQG4,A Feminist Ethic of RISK (Other Feminist Voices),Sharon Welch
B001L5U4OA,Choose Happiness: Pay Attention to Co-Dependent Patterns,"Hetherington PhD., Cheryl"
B001LF2WBI,Be Still,Pamela Young
B001LRPXC6,The Works of Francis Thompson,"Francis Thompson	"
B001LRQG4U,7 Classic Western Novels [Illustrated],Various
B001M0MGO0,Backseat Quarterback,Perian Conerly
B001M0NLVC,Balance Transfer Mag,Lawrence D. Goldberg
B001MS7EUI,The Cave,NA
B001MTEV12,Puss & Boots in the 23rd Century,Jack McClure
B001MYK3QE,Spychild (2nd Edition) (The Shadow's Apprentice Book 1),Harper Alexander
B001NEK3WC,Neale Donald Walsch on Abundance and Right Livelihood: Applications for Living series,Neale Donald Walsch
B001NEK5ZM,Henry Ford: An American Icon (Titans of Fortune),Daniel Alef
B001NPD3PA,50 Ways to Put Christ in Your Marriage And Live Happliy Every Day,"Vanessa Snyder, "
B001NPDQ7U,Tampa Bay & Florida's West Coast Adventure Guide (Adventure Guides),Chelle Koster Walton
B001NPDRA6,Blockbuster Plots Romance Writers Plot ebook,"Alderson M.A., Martha"
B001NXC19Q,"Managing Nonprofit (& For Profit) Organizations - Tips, Tools & Tactics",Milton Bloch
B001O1O7ZS,Customer-Driven Operations Management: Aligning Business Processes and Quality Tools to Create Operational Effectiveness in Your Company,"Christopher K. Ahoy	"
B001O2SNCU,Eugene Robinson,NA
B001O9B8HK,The Deity Of Christ,Stephen R. Bock
B001O9CJX2,"""Learning to Fly"" A Practical Manual Guide for Beginners",CLAUDE GRAHAME-WHITE
B001OC66RO,"The Writing-Rich High School Classroom: Engaging Students in the Writing Workshop1st Edition,","Jennifer Berne	"
B001OC6GME,Seeing Crows,Matthew  Miles
B001OC6ZN4,Untethered,Scooter Pietsch
B001OC72VI,Learn Basic Spanish,Austin Malerba
B001OC7C2W,The Great Ab Workout. Abs for Life (Ultimate Abs Training Book 1),"Grandmaster Ted Gambordella, "
B001OERNGA,Nanny to the Billionaire's Son: A Billionaire Romance (In Her Shoes...),Barbara McMahon
B001OFICO6,I Still Do (Harlequin 60 Years Book 1950),Christie Ridgway
B001OFICXW,Patriot Acts (The Executioner Book 362),Don Pendleton
B001OFICYG,Colony of Evil (Superbolan Book 124),Don Pendleton
B001OFID3G,Selling the Intangible Company: How to Negotiate and Capture the Value of a Growth Firm (Wiley Finance Book 469),Thomas Metz
B001OI1O1Q,Two Weeks,W. H. Short
B001OI1OP2,Cornhuskers (Illustrated),Carl Sandburg
B001OLRLJC,Your Guide to Health: Menopause: Practical Information and Advice to Keep You Healthy (Everything (Health)),Kate Bracy
B001OW5THM,The Tinker God,Don F. Nichols
B001P06R92,Amazing Grace© The stories of an extraordinary girl,Joseph E. Sweeney
B001P302ZO,Zombie Lust and The New Flesh,"Nathan Tyree	"
B001P829NM,The Shot Heard 'Round the World: The Novel,"Daniel Wyatt	"
B001PKTOT2,Time Is Running Short,Sid Roth
B001QFYTXM,"William Wrigley, Jr.: The Great American Legend",Daniel Alef
B001QTV4KE,Guitar Soloing: The Contemporary Guide to Improvisation,"Daniel Gilbert, "
B001QTXLMS,The Great Slump of 1930,John Maynard Keynes
B001R4BTXK,The Stanley Brothers: Their Steamer was fast and environmentally friendly,"Daniel Alef	"
B001R4CLNW,Believe,"Liane Gentry Skye	"
B001RB2KBS,Under Attack,David Alexander
B001RLBWMQ,Armageddon: Appointment with Destiny,Grant R. Jeffrey
B001ROAK30,The Secret Agent's Surprises (The Morgan Men Book 1),Tina Leonard
B001S2QIM8,Jack London Short Story Collection Over 160 Stories w/Active Table of Contents (Classic Author Short Stories Book 1),"C&C Web Press(Author, Editor)"
B001SN858C,Dark Reflection - Heartless Princess,Daniel Clarence Cobb
B001TH78XA,"The Prophets: Vol. 1: The Assyrian Period (Prophets (Augsburg))1st Fortress Press ed Edition,",Klaus Koch
B001TH8TLK,Double Dunk,Barry Beckham
B001U3ZYRA,Spiritual Warfare: The Word-Filled Life of Victory,"John Samuel Barnett	"
B001U5VJPY,"A Fast Track to Structured Finance Modeling, Monitoring, and Valuation: Jump Start VBA (Wiley Finance Book 487)1st Edition,",William Preinitz
B001U898JA,Dawn of the Morning,"Grace Livingston Hill	"
B001U89U8O,A Wicked Good Play (Reverend Wilson Mystery Series Book 2),Tony Burton
B001UFP572,Claimed by the Secret Agent (Special Ops Book 1552),Lyn Stone
B001UFP5EU,Questions of Honor,Kate Welsh
B001UFP5P4,His Cavalry Lady (The Aikenhead Honors),Joanna Maitland
B001V5J9S2,"No Kindle Required - The Complete ""Kindle for iPhone"" User's Guide/Unlock the ""Lightning Web Navigator for iPhone & iPod Touch"" (DRM-Free with Text-to-Speech Enabled, User-Friendly)",Stephen Windwalker
B001V9KE8M,Going Commando (Handcuffs and Lace Line),Catherine Chernow
B001VKXOHY,The History of the Devil and the Idea of Evil,Paul Carus
B001VNB4XW,Second Star to the Right: Peter Pan in the Popular Imagination,Lester D. Friedman
B001W6R6B2,The Mother Consciousness: Ancestral Guidance within Natural Childbirth & Early Motherhood,M.R.C. Susan Elizabeth Richardson
B001W6RT1Y,The Official Hood Survival Manual: Staying Safe on the Streets,"P.O. Block, A.A.S, "
B001W6RZWC,A Lodging of Wayfaring Men,"Paul Rosenberg	"
B001XUQX6G,The Isle of Destiny (The Druids of Destiny Series Book 2),Shanna Murchison
B001Y35GP6,Horror (Routledge Film Guidebooks),Brigid Cherry
B001YQF3DI,Christ for Real: How to Grow into God's Likeness,Charles W. Price
B00200JXG0,Destiny Lies Waiting (The Yorkist Saga Book 1),Diana Rubino
B0022NGG5G,The Lilac Tree,Nicolette Maleckar
B0023EF9XE,Twice Upon a Time: A Fresh-Start Family Romance (Weddings by Woodwards),"Lois Richer	"
B0023EFALK,Unexpected Babies Bundle: An Anthology,Melanie Milburne
B0023SDPQ8,RSVP #6 (Camp Confidential),"Melissa J. Morgan	"
B0023SDQSU,Fisher Investments on Energy (Fisher Investments Press Book 1),"Andrew Teufel, "
B0023W693K,"The Objective Standard: Spring 2009, Vol. 4, No. 1","Ari Armstrong, "
B0023ZLM20,The Sacrifice [Slave for Hire #1],Terri Pray
B00243FKUG,Lean Six Sigma - It Doesn't Work,J W
B0024NLL0Y,Jack Knudsen Northrop: Aviation Pioneer and his Flying Wing,Daniel Alef
B0025KUEV8,Star Trader,Sylvia Wadlington
B0025VJT5O,Ravished (The Rakehell Regency Romance Series Book 12),Sorcha MacMurrough
B0025VKZPM,Tibetan Folk Tales,"A.L. Shelton, "
B00266OZZM,Little Book of Healing Prayers for the Sick,"Stewart RN BSN, Tia"
B00267RV7U,Beyond Genesis: The Untold Story of Man's Origins,Allen Epling
B00267SSVS,The Complete Jane Austen,Jane Austen
B00267SUJI,Stepping Stones,Connor Davidson
B00267SWBY,CROCHETED ELEPHANT Vintage Stuffed Animal TOY CROCHET PATTERN from the Mid 1900s (Children Kids Crafts) Kindle Download eBook,Northern Lights Vintage
B00267T1ZK,Rawbert E Wee & Tonewall Jatson,"Liza Catron	"
B0026L7A5Y,The Myth of the Out of Character Crime,Stanton E. Samenow
B0026NBZB2,Trained To Submit,Powerone
B0026P4ZYO,Time Grabber,Gordon R. Dickson
B0026P51JC,The Early Works of Agatha Christie,Agatha Christie
B0026RHFQW,The Turbo Turtle : Trend Following for the Foreign Exchange Markets,Andras M. Nagy
B0026RHJXG,OPD 7008 Puccini-Turandot: Italian-English Libretto (Opera d'Oro Grand Tier),Giacomo Puccini
B0026SCMNC,As Sure As the Sun,Anna McPartlin
B00273BHC8,Buckling Down: A Wild Ride story,"Moira Keith	"
B0027FF4LQ,By Design: God's Distinctive Calling for Women,Susan Hunt
B0027FGAUU,EDGE of PARADISE,ROC HATFIELD
B0027KRSQK,Major Westhaven's Unwilling Ward,Emily Bascom
B00280LZDG,Meow Means Me! Now!,Maggie Bishop
B0028N61UA,"Teacher Leadership (Jossey-Bass Leadership Library in Education Book 13)1st Edition,",Ann Lieberman
B0028RXH1C,Reggae Wisdom: Proverbs in Jamaican Music,Sw. Anand Prahlad
B0028TXRWY,A Little R & R (BookStrand Publishing Romance),"Morgan Ashbury	"
B0028TXS00,The Warlord’s Woman (Siren Publishing Classic),Tracy L. Ranson
B0028TXSIW,Trouble Comes in Threes [Triple Trouble 1] (Siren Publishing Menage Amour) (Triple Trouble Series),Tymber Dalton
B00295S52Y,"The History: The Persian War on Greece, Athens and the Spartans at Thermopylae, Salamis and Marathon","George Rawlinson(Author, Translator)"
B0029LHU24,Bane of Her Existence,Sullivan Clarke
B0029O0CDK,Whipster (Michael's House),Dusk Peterson
B0029U15XK,Two Banjos At Once: The Blog,NA
B0029U17LK,"Kindle Review, Kindle Books - iReaderReview",NA
B0029XGNKC,Hack N Mod,NA
B0029ZAC0C,eSuperBooks & Media Marketplace,NA
B0029ZAHNO,The Shark Tank,NA
B0029ZEW7G,"Learning Emotion-Focused Therapy: The Process-Experiential Approach to Change1st Edition,","Robert Elliott, "
B002A9JOQK,The Art of Worldly Wisdom,"Balthasar Gracian, "
B002ACO9LC,Roosh V,Roosh V
B002ACPC40,Boy Culture,NA
B002ACPIQ2,"Exquisite Desire: Religion, the Erotic and the Song of Songs",Carey Ellen Walsh
B002ACPN3A,Milwaukee Journal Sentinel,USA TODAY NETWORK
B002AMVBR2,"""Off the Straight Path"": Illicit Sex, Law, and Community in Ottoman Aleppo (Gender, Culture, and Politics in the Middle East)",Elyse Semerdijan
B002AQSPFY,Complete Mark Twain Collection (300+ works) (Illustrated),Mark Twain
B002AVTZ7G,Coral and Blood: The U.S. Marine Corps' Pacific Campaign,"Eric Hammel	"
B002B55NOK,Nikon Rumors,NA
B002B562BI,My Crazy Life,NA
B002BDUTG4,Science 2.0,NA
B002BNKUEU,"American Departures: The Curious Plight of a Uniquely Privileged, Quietly Desperate Baby Boomer",Bradley Nathanson
B002BNLP9Y,Captives of the Flame,Samuel R. Delany
B002BSH854,Meth Monster Crankin' Thru Life A Look into the Abyss of an American Drug Pandemic (1),"D.C. Fuller	"
B002BSHKQG,The World According to Al Qaeda,Brad K. Berner
B002BWQ4B4,Fly the Rain (Greg Tenorly Suspense Book 4),"Robert Burton Robinson	"
B002BWQB3K,Janessa's Journey Through Her Mother's Eyes: Cancer Survivor,Marie R Ferguson
B002C04RYG,Sinful [Jewel Box] (Siren Publishing PolyAmour),Raina James
B002C1YWRW,"Flute Sonata in E-flat major, QV 1:58a",Johann Joachim Quantz
B002C1Z36G,Cantique de NoÃ«l,Adolphe Charles Adam
B002C74MQC,Sacrifice The Leader: How to Cope When Others Shift Their Burdens Onto You,Paul L Cox
B002C74P8M,The Floater - AMick Murphy Key West short story (Mick Murphy Key West Mystery),Michael Haskins
B002CIY8JC,Zack Files 30: It's Itchcraft!: SuperSpecial (The Zack Files),Dan Greenburg
B002CQU5SC,Autobiography of George Fox - Enhanced Version,"George Fox	"
B002D47T6Y,Legacy of Eden,Richard S. Chin
B002D9ZKM4,"Siren Warrior Chronicles: Books 1, 2 & 3",Lindsey Bayer
B002DW939C,Tom Clancy's Splinter Cell: Endgame,David Michaels
B002FDLOA0,Blood Sport,Judith E. French
B002GYVVYM,The City of Man: Paradiso,"Michael Harrington	"
B002GYWOAW,US NAVY FACT FILE Battleships BB-30 USS Florida,USN
B002HJ1WDG,Bossman Billionaire: A Billionaire Romance (Man of the Month Book 1957),Kathie DeNosky
B002HJ1X08,The Duke's Cinderella Bride (The Notorious St Claires),Carole Mortimer
B002HK2U8G,United States Air Force Fact File CV-22 Osprey,USAF
B002HMCMR8,The Island of Dr. Moreau and Other Works by H.G. Wells (Halcyon Classics),H.G. Wells
B002IPHB7A,Sapphire And Gold,Penny Rader
